8.41675,75.9211,21.6353,40
8.72589,63.8136,19.7187,41.5304
0,197.21,19.0455,52.7307
8.73333,143.636,17.6211,34.6799
1.74763,82.6367,12.2095,69.3759
-6.54106,19.726,9.21519,14.2478
-2.93716,146.912,2.7967,32.9575
-0,127.461,14.4017,71.2147
8.73333,14.7684,19.0072,29.2567
8.73333,24.1016,6.04117,13.2227
-7.87003,196.319,18.4836,48.0515
8.73333,99.3599,1.55662,36.2276
8.6464,4.48273,8.33343,13.2506
2.43091,10.7663,5.89973,34.4722
8.56279,28.1748,3.36427,13.2775
-8.6695,178.695,13.882,66.6282
-0,93.164,6.96025,65.4182
8.69004,112.171,21.1005,31.1583
6.42272,98.8913,10.9708,44.1148
8.73333,13.5571,16.2494,39.1429
-0,179.529,0.280625,40
0,57.7131,13.3178,74.6574
8.73333,53.8094,12.6819,50.488
8.73333,118.839,17.7623,45.6142
4.98286,95.1758,14.4093,65.3523
5.8549,73.6622,19.321,50.6608
8.70097,131.122,19.8522,24.0947
-0,187.64,3.34912,40
4.74846,124.085,4.23676,36.0833
-6.27424,56.568,17.4015,50.4535
3.70467,41.0363,1.33551,39.6229
-4.82897,87.8268,8.5762,47.5362
-3.98418,5.45004,6.59925,28.9005
0,175.237,16.152,67.0975
-4.33333,122.018,2.2926,39.224
8.73333,40.7185,17.4367,41.9699
5.7283,103.983,17.22,52.1019
3.50901,10.7649,11.7127,44.2738
8.55279,172.437,5.57375,13.2808
-4.34655,88.5869,1.561,50.0949
4.69101,109.602,13.7677,56.6919
4.83304,113.372,0.542992,36.471
8.50991,136.079,1.36494,13.2947
7.38769,74.2757,2.85146,40
-4.35238,15.6457,9.91351,27.0161
-0,91.2701,14.7914,86.3791
0.999438,9.56876,18.8344,51.9155
4.72623,147.651,10.9658,35.6918
6.63848,7.60031,1.07326,14.1893
8.61787,190.849,6.90431,13.2598
-4.13005,148.474,14.1159,67.9708
5.01117,187.49,17.3005,40.94
4.74746,102.673,6.36131,41.4192
-4.33955,48.181,10.9531,43.8843
-4.40172,51.9931,18.0056,49.3165
0.856096,151.795,13.0928,59.0726
8.73333,198.669,11.8013,31.0117
1.48891,71.3411,7.27921,61.9011
4.66667,150.572,9.05719,25.1705
0,22.0097,17.4681,59.658
8.64643,119.409,7.55058,27.6397
-4.41022,86.119,10.1773,50.6732
-0,146.144,8.09212,40
4.87896,52.2352,14.9506,56.4992
8.65442,18.9615,12.4911,34.4174
8.73333,90.1927,14.3391,68.1121
3.40803,128.015,10.8045,43.5334
-4.40864,26.4078,8.76608,26.6993
0,90.5645,10.5047,69.4345
-4.41292,130.44,1.46493,33.3375
8.67897,165.4,9.04263,13.3844
-5.42645,61.6154,21.32,54.3724
8.59902,80.4727,17.1759,60.7584
-8.45763,176.846,16.0384,67.7365
8.73333,140.116,16.8443,37.1346
4.69981,48.3745,16.6448,53.9408
-4.35902,151.966,18.5519,43.2276
-4.40618,58.1851,16.9435,55.6439
-0,55.4877,21.5305,66.6209
1.24528,1.22156,2.44991,37.3925
-0,74.9422,8.71369,68.3112
8.50082,87.3866,10.8253,47.4877
2.22969,60.8597,5.67808,52.1825
4.66667,58.1721,0.813257,40.8088
8.73333,48.5033,21.4364,29.1639
0.794381,187.337,15.9814,64.6744
8.59504,172.038,3.25523,13.2671
6.96875,79.4457,3.25368,40
3.33266,95.8838,15.5061,69.8194
4.66667,112.999,8.38186,37.3403
-4.33333,97.9239,1.68105,45.8425
-4.40902,53.9623,9.03849,39.6124
4.66667,197.948,3.14579,25.1705
8.62243,36.7351,17.5762,37.1203
8.65572,172.331,20.4655,13.7479
-4.37361,6.52651,0.103829,26.897
2.64575,66.3916,14.3009,73.5788
-0,149.749,14.9277,68.3333
0,128.873,5.5797,45.601
-0,33.8476,18.55,55.7232
-4.33941,190.441,6.46709,27.0886
8.7192,108.654,0.590928,32.6577
3.11985,50.2827,2.05276,45.839
-0,115.714,17.5535,66.3271
0,183.095,15.6509,68.3333
4.66711,179.119,17.2349,42.9893
-5.39319,96.5013,13.7263,65.0049
4.74479,88.548,18.1591,58.1634
5.39658,62.351,0.770497,39.3999
8.66964,11.0628,8.92045,13.3102
-0,150.758,5.49271,40
-4.34488,26.3895,10.5797,34.2457
-4.38562,71.1844,19.3785,72.8331
8.73333,79.1742,6.17507,40
0,177.104,13.1811,62.4429
8.73333,4.24791,0.576975,13.2227
4.66667,168.816,3.41437,25.1705
8.73333,57.6141,18.346,49.4358
-4.33333,50.0686,4.28765,39.2696
4.68523,97.6759,18.2553,53.939
-4.33333,145.807,7.43765,27.1226
8.73333,40.5232,14.7646,46.829
-4.40186,43.2552,1.15206,38.6764
5.55293,195.267,16.1548,42.4682
8.44761,118.647,10.9886,37.3029
8.73333,60.8807,20.7526,35.3443
-7.76251,193.541,6.37499,13.5944
4.77841,179.194,8.28433,24.4672
-4.41569,38.0051,2.50262,32.8786
8.4702,0.359865,21.2267,13.3086
-0,142.353,9.51525,40
8.73333,173.545,1.86039,13.2227
-4.34926,23.6616,15.7669,50.0812
-4.71347,7.80459,11.1493,36.1788
-6.49101,119.639,7.21793,27.5116
-8.73168,120.863,16.5775,60.1576
8.73333,103.286,18.3921,50.2764
3.29414,1.50148,5.58176,31.745
-0,137.787,11.7574,53.9714
-4.57687,189.204,9.57363,25.7255
8.42632,174.707,3.46949,13.3245
4.68261,22.6553,13.2106,44.8147
-0,70.9139,20.6239,86.3795
4.66735,48.3874,2.37069,37.2175
4.77304,112.067,19.7996,41.0418
-8.6983,122.545,12.1102,47.4328
-4.39534,60.1618,9.40185,43.2945
-4.42194,159.628,3.35238,26.6238
0,159.128,5.44601,40
-4.39728,156.218,9.84211,26.7636
4.73394,70.2197,11.7212,57.4245
-8.7237,10.8595,7.80232,13.2258
8.73333,141.741,17.0085,36.5983
8.73333,198.586,19.397,25.6607
4.66667,32.4953,16.15,47.7417
4.44327,22.7133,8.94151,26.5022
-0,182.575,13.2919,63.1427
8.73333,96.3314,14.1043,62.9311
0,170.361,2.80427,40
-4.33333,161.983,10.9162,37.4152
8.63171,37.3519,6.83033,17.515
4.80798,49.44,12.7286,51.1928
-8.46504,10.8378,20.7594,13.5194
-0,121.792,9.39267,50.3234
-8.65689,155.446,0.728826,13.2472
-4.33333,102.213,20.4475,54.0766
8.73333,5.55002,20.3496,13.8465
8.73333,198.077,7.88275,13.2227
4.66667,100.188,5.71976,43.044
-8.71279,66.3995,17.3109,61.0506
-4.39014,34.7766,11.2548,38.7025
4.71216,125.127,12.3756,47.1708
8.73333,115.027,15.0655,53.77
-4.33333,150.197,2.03273,27.1226
0,30.7038,19.1967,51.4693
-5.28751,71.3574,20.7446,70.0374
4.73332,28.7902,2.12507,24.753
4.65034,170.122,18.6094,37.8742
4.72975,67.5739,20.0067,50.8658
4.6869,55.0393,0.249505,38.9515
4.67595,1.20219,11.521,38.0287
1.98634,160.382,14.3076,60.0055
8.69194,99.4817,8.4732,36.1771
-4.35389,107.569,14.2846,72.9397
3.91732,174.183,16.7828,48.5249
-4.43214,144.569,12.6651,49.8667
4.78869,133.617,13.9022,48.1784
-0,35.7656,6.12049,41.1224
5.73041,110.099,18.4764,45.9869
-8.64669,191.975,9.39037,13.6317
8.73333,119.204,13.8957,51.3681
8.59108,161.714,18.3363,32.5836
4.66667,196.906,5.94408,25.1705
-0,177.185,8.81762,40
-0,42.7674,12.1936,61.6139
2.78361,6.92601,9.76504,33.4402
4.66667,90.2248,1.98845,48.3006
4.66667,2.75891,16.3764,46.7243
8.62252,94.7421,0.71754,38.0471
7.13807,190.239,9.45434,13.9061
4.72244,49.7905,0.81977,36.8801
4.84227,77.2846,21.4676,51.6306
8.73333,86.2867,11.4915,52.2693
-0,166.177,20.0119,40
4.7029,164.929,8.43145,24.9444
8.73333,90.5997,19.4579,48.4308
8.73333,76.112,5.61039,40
-0,185.174,19.9991,40.0188
4.63742,148.169,19.6803,33.6521
3.65261,147.527,8.76738,30.3692
-4.36722,189.383,13.7504,62.95
2.39923,102.02,12.4871,59.9689
-0,158.376,19.6793,45.7337
-5.18921,90.4347,4.71165,45.203
8.4809,169.84,0.084901,13.3048
-4.35739,78.0862,19.3728,72.928
-4.38781,147.675,5.17268,26.8171
-8.68533,195.288,5.38702,13.2381
-8.51806,104.66,14.1002,68.3016
3.54508,85.9831,6.69954,53.8577
3.11227,41.4316,18.1637,50.8455
8.73333,64.6803,19.4412,45.7964
-0,22.174,20.7982,40
0,75.042,8.5975,68.3185
8.73333,65.9808,17.629,56.2243
8.73333,68.421,3.45649,39.1863
1.27511,163.424,13.7536,61.3291
-4.33333,106.337,15.3777,73.0088
-4.90657,104.224,1.88912,39.8907
4.25058,154.862,11.686,40.6263
4.66667,24.0526,19.5485,36.0196
-4.41764,125.09,5.80065,38.3746
2.79186,69.3297,5.16528,56.4346
6.76374,66.9239,18.4725,53.8339
-4.37879,114.923,10.9019,43.3973
0,172.788,3.35206,40
2.01421,39.7126,5.0769,41.8165
-0.605884,134.49,14.475,68.5056
-0,180.366,12.3849,57.7057
-0,39.8314,6.42023,46.1186
-4.33333,59.6568,13.6907,59.8314
-4.41769,99.3041,15.7499,72.7269
8.47402,177.981,6.17608,13.3073
-4.33333,100.283,9.07001,44.6059
8.70901,55.399,7.96853,32.9481
8.3863,106.792,17.1906,52.5143
4.66667,114.85,2.98072,37.2218
4.00431,82.5609,19.8455,57.8651
-4.39347,2.95273,6.37199,26.7851
4.0937,140.553,10.9903,38.7658
8.73333,101.349,17.239,54.0939
2.50198,76.2532,14.8954,79.5638
-0,12.9863,3.29586,40
-4.38727,71.716,15.3256,72.8275
4.66667,46.8502,2.83829,37.2218
-0,40.7008,20.8108,51.0049
4.99453,162.756,19.5011,33.5476
4.79133,78.6869,11.3301,55.0014
-0,10.715,14.947,68.3333
8.73333,75.0103,21.4895,40
-4.33333,154.999,2.76013,27.1226
8.73333,33.0595,16.5493,38.1198
8.68258,182.444,18.1951,33.026
8.72565,63.8412,17.1915,56.1309
-4.37518,65.9559,4.19942,47.1741
-4.41757,40.8471,9.43011,37.2908
4.66748,153.443,0.318048,25.1655
5.01192,13.9946,7.15628,22.8898
-4.33643,190.007,2.96345,27.1053
7.51735,31.642,9.91138,14.0863
-4.33333,57.2892,12.59,53.1958
4.74395,137.426,17.4245,41.8269
-0,28.23,9.2342,40
8.62143,102.417,11.7158,47.0687
7.03462,144.265,20.3655,13.9622
8.73333,185.769,19.7798,19.446
8.73333,146.421,11.9863,32.0173
4.667,149.97,19.8247,30.1656
5.96366,81.4639,1.14019,40.2659
-4.41509,47.8983,17.7893,50.1327
-4.33333,104.17,7.3679,42.6532
4.89135,43.8155,5.03103,35.2729
-0,168.478,18.0928,57.5327
-0,132.587,7.66116,42.4278
8.73333,163.247,3.64035,13.2227
4.67033,158.776,0.618938,25.1477
4.67727,93.821,21.0181,50.8458
8.73333,61.905,14.9664,60.6072
8.73333,137.516,18.9324,29.7535
4.66737,197.37,20.6601,25.1661
-4.34967,153.987,14.9643,67.9905
0,165.916,20.1833,40
8.73333,141.217,5.64722,13.2227
0,119.067,19.4836,58.3244
4.03465,150.575,20.2409,28.6607
-6.65651,99.3444,6.6014,35.8799
8.73333,173.027,1.6146,13.2227
6.86559,13.6055,16.8828,36.7634
-0,193.709,1.86895,40
-0,19.7513,16.0328,68.0595
-8.73195,109.395,9.85357,32.1998
2.36337,80.594,14.3275,80.0231
-6.44877,21.408,3.72904,14.3041
-4.33333,144.833,11.6919,43.9396
4.18135,122.736,13.9436,57.388
-4.86769,156.594,0.310112,23.8763
8.49982,113.324,10.3482,33.628
8.73333,162.264,19.4992,24.3116
7.62125,115.355,2.50863,29.7176
-4.33559,188.806,9.73591,27.11
4.75852,174.29,14.5101,47.9265
2.5244,101.52,6.48501,51.0962
8.73333,157.765,20.9081,13.4169
4.73304,94.6061,15.2743,66.5436
8.73333,165.76,4.54974,13.2227
4.67241,64.4963,12.2048,55.5929
4.70182,195.229,19.3441,36.5254
8.73333,55.6422,12.2729,48.2579
-5.69669,14.5662,16.5513,39.9001
-4.39273,150.245,19.6878,34.5063
-4.34448,166.238,18.5206,43.3153
4.80478,184.468,2.87885,24.2976
8.73333,65.4049,4.16139,37.6513
8.73333,160.814,3.38008,13.2227
-4.33333,107.65,0.635845,41.0047
4.35267,92.659,0.199868,48.5935
4.67563,164.15,13.1219,44.4649
-0,190.381,13.3991,63.853
-0,15.2546,20.2163,40
-0,141.734,16.1386,67.2026
-1.95116,46.9853,6.62523,47.9544
3.28153,79.7791,10.9026,58.9352
0,53.6249,5.67959,56.0363
8.73333,166.503,16.1228,39.573
-4.34913,199.075,2.56874,27.0343
0,129.95,16.4129,67.0207
-0,140.791,17.8154,58.4062
-8.61573,186.461,16.3951,63.1545
3.67029,137.531,7.41715,30.2957
-0,113.671,12.8552,69.0522
8.55806,76.1695,10.3169,43.1308
8.73333,126.916,1.91983,22.3315
-5.60334,72.6457,18.2318,69.1604
8.72325,81.5239,15.0908,68.3083
-4.06426,73.7399,5.88115,51.4838
2.59529,93.6798,21.3286,64.4087
-0,100.683,4.04303,60.4247
8.58924,182.107,6.5987,13.269
-0,41.2862,9.04607,47.5819
8.73333,67.7207,5.20276,38.8231
-1.71664,114.825,4.29122,50.0447
6.10747,97.3865,15.5183,61.314
4.77691,52.4438,3.97206,37.236
4.66667,115.919,11.4913,45.7277
5.9253,175.666,6.51578,15.3127
1.62037,12.19,10.1812,38.1297
-8.38238,88.1753,20.3551,68.2334
-4.39632,16.8516,4.74956,26.769
8.73333,112.648,0.022195,30.9511
-5.03188,107.862,19.9453,49.3642
-4.67427,153.612,14.9609,68.0235
4.66667,46.6181,11.3289,44.356
8.73333,117.472,11.4855,41.7434
0.492529,91.7948,2.26421,64.6105
-4.35471,172.196,21.9314,27.0031
4.79136,132.167,7.89731,29.1678
3.00085,70.7758,13.7553,75.1626
8.73333,69.4373,8.65406,39.7052
-4.77724,50.7436,0.168574,36.5464
8.57999,190.506,11.9963,32.0691
4.72332,59.6402,11.2004,47.7944
4.83472,31.6812,5.42914,24.098
-5.11108,72.2594,0.998696,45.9133
4.70982,148.326,18.5181,37.9024
4.66667,141.18,1.0615,25.1705
-4.33333,140.178,6.95905,27.1226
-0,1.24516,17.2352,60.6341
-6.16135,74.8691,21.3928,68.1551
-0,180.299,12.9022,60.7325
4.66667,63.669,17.117,57.362
-8.42478,119.417,16.0093,67.971
-1.96091,59.559,14.3217,70.3524
4.67667,25.0029,14.6215,48.3712
-4.42057,77.6711,20.6532,72.7174
8.73094,163.538,11.7718,30.8445
8.73333,196.235,8.76568,13.2257
8.37736,172.398,14.7501,40
4.68123,16.7642,9.69176,25.0799
-0,67.5424,2.92323,65.4951
-4.48284,47.2258,9.66248,38.3572
8.73333,63.5611,12.0481,51.2293
8.41378,196.89,8.693,13.3291
8.73333,109.65,8.76198,32.2398
-4.41672,149.85,16.5297,58.5077
1.57771,168.37,11.4917,48.0799
0,33.3779,10.7895,47.2067
4.71591,180.62,1.95094,24.8627
3.22053,21.0248,5.51874,32.0071
-4.37222,149.019,9.8463,26.9048
-4.34756,145.874,14.0351,67.9903
-0,143.494,15.6078,68.3333
-4.33333,26.6864,21.8376,27.1226
3.05056,89.1578,20.5083,64.0501
2.81561,101.757,2.02905,49.9724
3.28876,106.098,20.9779,52.7363
6.03255,171.943,3.5815,14.5691
4.71004,135.545,21.35,24.8996
-4.33333,161.168,13.1341,54.1372
-4.33333,106.249,5.285,41.6564
-0.536981,191.179,1.54649,38.8992
4.66667,13.3354,6.60091,25.1705
4.74574,108.304,17.898,49.733
4.75734,56.3321,1.68762,39.3314
8.73333,96.1801,7.79841,37.4773
7.28594,136.973,2.90424,13.8276
8.72157,41.6517,3.47995,23.4179
4.0626,121.632,1.36723,40.9645
4.05046,65.2352,15.4406,67.2481
-4.33333,176.169,1.9026,27.1226
4.67108,26.6789,13.5693,46.4603
8.61924,20.4816,3.82298,13.2593
4.71994,191.823,14.3308,48.1367
-4.41862,30.5804,10.9713,37.5893
-4.42229,30.5076,6.25924,26.6218
0,31.1105,18.2723,56.9019
0.079954,17.9139,18.0039,57.6108
2.0815,90.8849,20.6397,69.4986
-0,133.779,0.007174,41.2663
4.6699,166.26,14.0886,48.4077
8.58488,158.047,0.161825,13.2704
-0,142.542,2.34126,40
8.73333,94.5195,2.34948,38.1437
1.79602,141.718,8.0764,36.1161
8.73333,191.612,5.27137,13.2227
-4.63999,101.155,7.61508,42.6901
4.85265,61.0106,5.49164,41.5815
-2.23388,157.962,8.51542,35.0059
4.83031,47.2774,9.26284,36.2203
3.27083,46.8606,14.0817,62.9794
0,92.9399,17.3262,81.4146
-8.41262,123.877,5.93988,24.7843
-5.14895,123.066,18.5676,47.2959
4.78611,24.5248,16.2903,46.4731
8.63664,24.7587,18.1742,33.0766
4.6829,56.8918,4.00823,39.996
8.63392,147.147,1.4396,13.2546
4.89578,82.2616,13.4277,65.9497
-4.33333,165.796,15.4342,67.9891
2.00184,187.023,2.45559,35.6099
-0,79.8133,2.10812,68.3333
8.73333,10.4423,13.1523,37.0444
-7.77805,114.237,17.8691,49.5357
4.66751,149.534,17.9207,40.2429
4.71793,64.0487,1.96761,44.185
4.6836,98.5869,16.0881,62.8311
6.76686,44.3306,19.8848,28.5737
3.86841,187.855,9.9491,29.4414
6.54769,96.4611,1.55513,37.0829
3.53052,107.999,5.30812,44.2459
-5.28264,44.2114,16.101,52.5873
-4.41121,19.189,0.890816,26.6847
7.56242,12.0331,9.3395,13.689
4.66667,163.902,11.8847,39.5153
-4.3362,154.296,20.9842,27.1066
-0,39.1391,4.59593,45.3675
4.66875,179.024,2.55931,25.1575
0,136.86,14.2168,68.3265
8.72132,131.369,2.38504,17.8206
-4.39747,198.076,21.6369,26.7625
8.73333,6.73836,5.46357,13.2227
-3.23415,84.8507,13.3398,70.5458
8.51009,97.9967,17.9673,53.7391
-4.63512,116.701,18.2612,49.2317
0,16.6539,10.7589,46.9586
-4.38965,132.031,16.736,57.4508
-0,10.461,20.1324,40
2.64172,111.366,19.8214,55.3237
1.72838,142.405,4.71323,36.28
0,97.5821,12.0353,69.4742
4.72273,123.52,17.2636,49.4401
4.72941,42.7555,4.2777,36.2151
4.99106,129.132,16.4316,48.5842
3.3765,76.1285,10.4623,56.5989
8.73333,20.7426,12.8317,35.8268
-4.41054,75.5023,5.73206,49.7703
6.63283,52.5722,1.86609,31.3263
-4.39206,48.2571,6.55892,38.9107
-5.17762,124.585,20.1768,40.7088
4.6687,104.586,10.3514,42.6875
0.116722,82.6475,5.92829,67.7516
4.66908,43.5584,16.7854,51.9003
4.76552,171.711,16.9878,43.535
8.53643,172.202,0.468592,13.2861
-0,56.7878,19.3597,64.5282
4.76572,123.079,17.5597,48.2715
-0,155.898,7.13164,40
8.73333,190.969,14.719,40
8.73333,183.921,6.51846,13.2227
-4.41171,76.9631,20.4589,72.7465
3.5502,32.5286,6.20313,30.7812
4.66667,159.35,3.71536,25.1705
4.66667,22.7634,16.3937,46.6474
8.6821,31.7649,10.497,20.4414
-8.37087,71.1656,14.3758,68.2943
-0.9085,169.552,21.2647,38.1218
-5.2444,116.556,6.88661,33.6565
8.73333,117.236,1.68167,28.7943
4.7248,185.168,17.4111,41.9755
-0,115.016,8.03845,53.7752
4.71152,1.99548,12.8722,43.2149
-0,161.875,4.03341,40
4.7286,121.762,1.69222,36.5617
-0,95.9827,3.38058,63.2651
7.50212,53.688,18.1913,47.7033
4.66667,51.6193,6.62105,37.3486
8.73333,96.2019,8.44546,37.4684
0,45.4683,14.3165,74.1907
-8.70339,9.72046,17.9822,33.6214
-4.8707,33.8484,16.8579,43.5296
-5.90937,51.6893,8.23186,31.1742
-0,39.582,4.17697,45.8497
4.67792,121.139,14.223,55.8399
4.77332,164.741,0.079317,24.4996
8.53156,162.123,6.22353,13.2876
4.62474,160.447,14.0492,48.6507
8.55426,141.623,13.0256,36.576
8.50437,171.876,7.15636,13.2965
8.73333,156.217,21.7569,13.2227
-4.35549,40.7594,2.71119,37.3849
-8.65462,198.669,16.1893,65.6752
5.81542,18.7249,3.44557,16.3548
-4.33333,130.124,9.56224,34.0557
4.66667,43.0353,18.3094,45.3714
4.66667,48.7746,7.91801,37.2218
8.73333,67.9376,1.67724,38.9348
0.355215,39.5725,12.2524,58.8248
-0,101.367,6.02646,60.069
3.46394,190.152,2.9052,31.1142
8.70998,78.9214,15.3924,68.3079
4.66667,116.893,10.6899,40.6317
-0,121.307,4.01976,50.6041
-4.73484,142.929,2.22672,24.7434
4.66667,80.3073,4.43485,48.4251
-4.41763,171.738,2.96441,26.6483
-4.33333,184.097,7.12336,27.1226
5.56964,150.168,20.912,18.5478
-4.39743,57.1183,11.7069,49.8931
4.68561,159.363,5.44909,25.0525
3.23395,28.5532,9.62008,31.9596
2.77652,100.91,14.7199,67.6106
8.70137,122.138,12.0493,43.5099
4.79309,140.759,13.3992,45.0611
5.14086,76.668,18.989,55.2732
3.6275,145.737,8.37531,30.4731
4.68574,177.457,16.477,46.1801
-4.33333,11.1697,3.44733,27.1226
-0.137181,27.6433,1.27872,39.7169
2.44853,172.613,7.47355,34.4221
-2.72294,84.3493,17.9779,78.8092
-4.35943,82.2628,8.30605,50.0296
8.73333,191.828,21.3973,13.2227
4.70671,150.049,13.317,45.1569
8.73333,196.199,7.4412,13.2227
1.93714,46.7032,20.4156,53.8829
8.52406,19.2454,19.7653,19.7482
4.78737,76.9164,18.7155,56.5474
8.73333,100.055,5.64942,35.9638
6.75854,114.051,6.2809,30.3228
4.84255,195.326,17.1588,42.4138
-4.37686,98.571,15.4307,72.8625
8.70197,80.1766,10.8353,47.5644
8.64406,198.998,21.2887,13.2513
2.71135,52.1996,10.4756,49.5612
4.82213,133.065,21.8879,29.4669
-0,192.851,10.7927,47.2325
8.73333,134.23,11.076,27.27
8.52128,59.835,16.913,55.0769
-4.51537,106.225,8.53786,40.8556
8.73333,0.292635,9.9717,14.1447
8.73061,176.758,2.92279,13.2236
4.66667,80.8768,16.6871,65.7028
8.71129,60.2411,12.4352,50.913
4.37842,190.116,14.27,49.9331
-4.33686,92.1296,17.5573,68.2649
-8.61054,57.5295,4.84986,33.9281
-0,16.9253,18.8736,53.9338
8.66571,116.436,19.904,31.0109
8.71778,30.6137,6.42444,13.2277
8.69978,14.6189,15.9691,40
3.60412,116.113,7.46781,43.6751
-0,57.4029,5.99899,58.0718
-8.68709,72.384,3.74604,40
-4.33353,144.965,14.6084,67.9891
-4.94525,171.662,11.7887,45.1103
4.98046,69.5831,18.2404,57.1771
4.66667,192.349,5.88197,25.1705
-4.35435,190.714,3.87543,27.005
4.66667,41.2075,9.4861,36.2307
-4.74356,153.649,10.4644,31.1925
-4.37936,123.106,17.2749,55.5888
8.73333,183.784,2.87433,13.2227
4.66667,120.507,1.12983,37.0933
8.73333,140.428,13.8051,39.3275
5.83984,148.735,0.639926,16.1224
4.69118,77.0205,2.99628,48.2927
8.73333,50.3008,15.2802,54.1973
8.73333,7.35195,11.3449,28.1171
8.73333,94.4246,11.9368,52.6086
-5.33248,129.014,17.7866,50.9371
8.73333,55.794,17.4611,51.3011
4.01851,103.572,11.0411,49.439
8.73333,49.1333,6.08591,29.5566
4.66667,59.5016,2.63263,41.597
4.66667,130.095,19.5052,39.6383
8.73333,178.279,21.3464,13.2227
-8.51741,172.221,20.7356,13.5368
-0,41.983,14.0388,72.143
8.73333,79.8188,1.99298,40
4.66667,177.577,1.64358,25.1705
8.73333,51.3056,4.01392,30.8134
8.72059,193.36,0.697129,13.2268
4.66667,123.831,15.9486,54.9193
-4.41936,33.0692,3.17149,26.6385
2.49335,165.24,13.9904,58.0434
-4.33333,131.139,17.3766,51.4556
4.68792,109.291,12.4576,51.1418
-0,50.2659,8.30311,54.1776
8.32336,8.03128,18.0749,33.3004
8.73333,46.6751,6.70738,27.9367
8.67577,72.2226,7.02621,40
8.52315,126.691,17.2696,42.7402
2.47724,197.22,11.0822,43.1904
8.72613,41.4313,5.74193,23.1666
-0,151.417,16.1145,67.3949
-8.54061,177.266,3.5849,13.2847
-8.67563,94.446,20.2637,61.1627
8.73333,31.7827,4.88892,13.2227
-0,162.184,1.83939,40
8.68425,95.3016,1.62143,37.8245
-5.48848,23.2575,16.9301,39.6958
4.66667,175.144,17.9889,39.9862
4.69856,127.037,16.2894,51.9572
-4.33333,19.4563,16.6815,47.0433
4.67417,181.688,21.1463,25.1238
4.75547,7.0032,10.2613,28.5229
0,7.94994,17.3139,60.2939
4.66667,197.714,9.2965,25.1705
-4.35572,137.236,20.7621,26.9974
0,75.3378,0.028917,68.3333
-4.36845,100.865,21.5879,55.3574
-5.36467,152.699,12.5443,51.1245
-4.35398,9.77496,7.62235,27.0071
-8.72,145.186,12.2651,49.9892
4.70377,140.266,6.59526,24.9389
0.229323,91.7782,3.4996,65.7074
4.66667,116.459,14.6356,56.5854
5.7485,67.818,15.0525,65.7455
-0,34.1251,17.433,59.7128
4.68837,79.8387,7.66974,48.3079
2.16444,183.955,5.50164,35.1906
0,45.2091,7.59007,50.9023
3.75417,72.2013,7.22992,52.9281
8.73333,64.9124,20.4047,37.2648
8.73333,16.7164,16.6336,37.836
-2.72519,102.533,6.34125,49.8518
-4.36775,166.573,13.336,56.6142
4.66667,180.923,16.8526,44.6205
-0,144.719,18.6154,55.402
-0,76.5992,19.8436,85.6694
-4.3702,59.6034,13.1056,56.6482
8.73333,138.342,1.50779,13.2227
-4.33333,176.091,4.79695,27.1226
-4.57429,184.91,19.127,42.5785
-5.30253,16.2506,9.11279,20.7356
0,96.5346,14.5466,84.0149
4.68104,25.653,17.2367,42.9125
4.67997,50.5822,5.45349,37.1402
-8.73292,176.792,12.1974,49.353
8.73333,39.2554,5.05088,20.4058
4.73029,24.2707,0.152081,24.7722
8.7233,108.739,16.8661,53.109
-5.33154,62.9241,0.480331,40.1109
8.73333,76.4082,8.64828,40
8.52518,158.308,5.55588,13.2897
8.73333,167.836,4.49277,13.2227
8.73333,136.047,14.5701,40
8.67229,83.3844,20.1243,40
4.66667,128.578,0.151856,34.5035
-4.34688,42.8163,16.4213,54.4905
-0,123.454,17.5928,63.2037
-4.33338,135.038,19.9716,27.9401
0,120.205,21.4406,57.2258
8.73333,69.2619,2.637,39.6145
-1.72634,72.8803,11.4173,65.6481
1.91484,34.2962,18.0834,51.8334
-0.016533,159.072,14.0145,68.3331
4.66999,98.5334,20.986,48.3307
4.73096,70.9246,20.8324,52.5324
-4.36915,155.012,21.2653,26.9221
8.73333,47.361,1.48157,28.415
-0,168.967,9.62576,40
8.73333,163.305,7.05848,13.2227
3.7589,169.246,2.94915,29.9224
4.68058,74.0374,2.96087,48.35
-8.72774,76.6459,17.7308,68.3084
-4.41578,172.267,11.5448,42.5622
4.76786,92.7818,20.7737,50.7026
4.46974,114.11,21.7435,42.8964
8.73333,139.061,9.01767,13.3691
0,192.183,8.16613,40
8.68382,109.263,4.99079,32.402
4.66667,127.315,9.81268,35.8869
6.47494,114.178,5.85687,30.2639
8.73333,185.422,10.1001,15.549
-2.7071,172.753,9.52392,33.6714
4.74011,33.9678,5.71172,24.7101
4.47734,35.7398,2.94172,28.0359
8.52683,48.7009,9.22302,29.2886
8.42011,150.356,11.1509,26.6516
-8.71285,39.8269,7.13514,21.185
-4.34718,196.588,15.0632,67.9903
4.74117,141.928,9.74806,24.7034
-4.33333,35.0872,9.58459,27.3259
0.050657,171.659,17.4465,59.5972
-0,181.882,17.9422,57.9979
-4.34577,192.333,16.5465,58.1725
-4.36811,114.12,17.3636,54.8425
8.72905,112.576,11.0279,38.4603
2.1248,35.3322,12.214,50.8959
-0,102.736,13.8765,80.3943
8.73333,109.694,2.15576,32.2214
-4.33333,33.0555,5.40488,27.1226
8.68681,98.7786,13.546,59.027
8.728,107.023,6.70912,33.3263
0.865755,39.7614,16.8733,61.9661
-4.35045,124.634,5.87904,38.9143
4.66667,5.26308,0.869139,25.1705
-0.653918,63.7582,6.52436,59.9106
-4.54572,106.6,12.24,51.479
-4.37087,65.3547,21.3196,61.7358
8.72779,120.438,15.1607,51.0836
-4.3443,72.3865,15.7934,72.9719
-4.3972,26.9841,12.2986,42.3611
-4.33333,182.763,11.7338,44.3254
4.68653,128.112,19.2659,41.1088
-8.70669,131.755,8.64817,17.3738
8.73333,135.066,10.0775,15.2427
-8.62003,148.912,4.58139,13.2591
0,168.436,16.66,63.6104
-1.40058,103.331,12.0272,60.9939
-0,30.3737,7.86254,40
-4.41365,76.1329,15.422,72.7401
8.70398,164.204,2.4029,13.2321
4.5681,34.2729,0.145437,25.7792
2.07799,65.9951,13.1406,68.7453
-4.33333,193.294,14.5019,67.9891
0.969989,161.259,12.7601,56.886
-4.36187,44.4376,20.0189,47.0914
4.66667,199.955,13.9921,48.3887
8.55351,12.7477,11.5623,29.58
2.30006,85.0966,5.71171,58.8266
-4.33333,80.8676,1.12576,50.1619
0,80.0586,16.1029,87
8.60526,22.3845,3.61441,13.2638
8.73333,84.8622,6.16873,40
2.49117,122.709,5.7074,44.655
-5.95993,197.612,12.0361,47.7964
8.40843,43.9802,11.9079,42.9085
4.6701,70.8162,17.3385,61.6948
-1.80263,53.2484,19.1313,57.7379
7.95702,58.2996,17.3259,52.4393
-4.33333,37.6779,21.3274,35.7112
-4.45308,4.57193,3.9703,26.446
4.78671,89.8808,20.4732,52.0836
4.66736,48.728,0.993341,37.2175
4.66667,173.745,5.29421,25.1705
4.55099,105.722,0.194811,40.9197
6.49705,182.827,14.7751,40
6.09579,194.786,19.9059,16.9279
1.10914,117.085,12.5932,63.3123
4.52811,23.7951,3.42015,26.0137
4.66667,185.307,11.0521,36.3526
0,118.712,12.4901,65.3762
-4.41646,176.723,4.14198,26.6549
8.63108,84.8952,7.13232,40
-0,121.451,15.7528,73.7344
-0,14.1527,12.1644,56.4197
4.76502,184.954,3.1302,24.5524
-4.33827,128.416,8.368,35.9549
-4.39221,20.8999,8.72452,26.7923
-0,140.045,12.6883,59.4682
4.66667,79.1609,0.426833,48.4251
8.73333,16.9809,12.7068,35.3254
8.14665,42.8958,20.5083,24.7451
4.73238,49.7598,2.3512,36.8193
0,45.3306,16.1073,73.2012
-4.33333,140.601,21.3515,27.1226
0,150.831,13.3955,63.8289
8.12781,109.457,15.8326,56.2604
8.73333,110.697,6.66055,31.7945
2.40472,126.115,10.0985,43.1507
-4.33333,197.091,1.05663,27.1226
7.64616,126.856,8.47775,22.3855
-4.33333,120.091,7.95776,39.2649
-4.35243,181.837,6.32685,27.0158
4.71439,114.167,17.9677,48.7535
-0.239211,67.084,9.91162,63.6064
4.74409,191.428,17.7459,40.5477
5.01309,87.9846,17.3838,60.6786
-0,120.309,6.22507,51.153
4.74796,144.052,1.5028,24.6604
-4.3902,135.756,1.20848,26.8036
8.73039,42.5518,14.0255,48.7441
8.70648,16.3247,9.33428,13.5883
8.73333,54.8959,19.9217,33.6458
-4.35376,173.504,9.18106,27.0084
0,111.871,3.38928,55.1889
4.79259,92.9256,11.88,56.522
5.20448,86.0602,20.616,48.4777
4.22387,154.797,14.541,50.717
7.35743,130.784,8.68246,18.9803
4.7836,131.546,5.69779,30.1511
-4.36597,32.2042,18.6541,39.07
-4.33333,86.4754,20.7912,73.0088
8.55378,101.017,8.294,35.5776
-4.36572,75.0665,1.48016,49.9977
-0,96.0744,3.9948,63.202
4.67295,68.4843,12.6664,60.4584
-4.38559,155.429,4.08947,26.8296
2.19341,76.7888,6.41186,59.2309
-0,142.311,10.1566,41.592
-4.33601,96.1867,7.6335,46.7574
5.98844,145.836,6.99965,14.7034
-6.40112,187.512,10.1181,17.9644
1.77097,103.451,5.18969,53.4444
-6.94631,180.614,0.610545,14.0113
4.66667,43.6385,14.486,55.2823
-4.33333,174.644,3.49368,27.1226
3.72922,16.5386,17.6586,45.4184
-4.35449,93.0807,8.98875,48.3524
-4.33333,4.38596,7.20262,27.1226
6.53625,161.656,16.4123,38.4246
1.52052,35.8419,16.4197,59.9418
-0,33.0784,3.82701,40
8.73333,36.3207,2.58599,15.7359
4.70163,138.287,3.82883,24.9523
5.72369,42.7527,13.803,49.586
8.58652,59.621,18.5216,49.9163
-0,153.667,11.2218,50.4381
4.74852,100.23,3.6468,42.6125
-4.33333,181.893,15.7147,67.9891
8.73333,11.5706,19.9548,15.3667
-4.3528,87.3504,4.80783,50.0633
-5.93428,114.451,19.1612,43.8894
7.70156,113.013,4.66039,30.7877
-0,164.763,18.4066,56.3643
8.52239,25.2198,18.9046,29.9264
1.73233,60.0234,11.5143,57.9893
-4.51622,0.424405,10.502,32.6818
-4.33921,190.221,19.5774,36.7879
1.17271,153.26,1.43168,37.5533
1.73465,150.261,11.208,45.8556
-0,27.773,13.6576,65.6489
2.44531,69.8639,16.1385,78.0088
0,30.2681,5.05992,40
3.4249,99.3441,0.481181,49.0512
7.24605,161.73,3.05776,13.8483
3.31277,126.574,16.9292,54.7175
0,137.68,21.3348,40
-6.41304,127.914,8.50948,22.4131
-4.39754,145.864,21.8554,26.7622
-4.33333,171.969,7.18066,27.1226
-0,125.391,3.01754,48.1002
4.74871,36.1183,8.46458,27.4016
4.31325,114.661,12.378,51.0638
4.66667,32.7132,13.9444,48.1691
-4.33333,181.21,11.9153,45.1376
4.69747,15.4686,6.92985,24.9784
0,67.7069,3.50519,65.6683
-4.37501,116.124,3.35756,39.0148
-4.8553,95.047,3.01292,44.7017
-8.71932,161.064,15.6157,68.3082
-4.4025,106.156,10.227,42.4866
-4.36781,45.4621,2.49197,39.0435
-1.00042,141.897,15.4193,68.2927
2.49719,29.7265,3.95969,34.2834
-4.37515,131.623,17.6807,49.0653
-4.40614,126.797,11.307,45.2199
8.73333,45.8612,12.0656,44.775
6.24132,36.4456,4.57259,17.3048
-0,33.2705,17.261,60.4704
-5.52946,29.9214,11.5828,33.247
-4.37043,40.5495,12.5625,48.1345
-5.54186,190.992,9.2849,18.7874
8.56748,3.18167,15.8654,40
6.46168,191.503,1.60904,14.2962
2.89027,5.13846,13.087,52.0775
3.26787,194.222,18.9635,45.2372
-4.39721,59.5191,9.87362,42.8854
4.68322,105.015,14.3567,59.5798
8.73333,172.468,6.67641,13.2227
-8.68589,179.281,13.3637,60.5344
-8.40065,37.8021,6.13585,18.2454
4.78734,132.144,17.5904,42.6548
-4.37007,188.246,17.5157,48.3774
2.44046,195.141,20.9899,34.4451
4.77155,21.5871,9.77544,24.5108
8.73333,35.7798,10.0514,16.8311
4.41325,149.31,13.196,46.1052
4.68063,9.89371,18.5377,37.9686
-4.33672,14.257,0.68641,27.1037
4.8335,97.8251,4.11994,43.3868
-4.82748,169.979,20.7591,24.1464
5.22768,199.408,20.8543,21.3072
8.73333,0.878523,9.96566,14.1388
-0,108.521,17.8383,67.3471
5.22535,172.27,20.4353,21.3248
-1.99293,181.828,14.7998,68.1943
4.66667,169.07,8.19131,25.1705
8.52738,175.775,8.9253,13.3131
-0,149.236,9.65413,40
4.66746,23.4979,14.9303,48.4209
-1.46439,101.804,10.2315,55.1943
4.6735,33.7664,20.9718,25.128
4.72177,166.222,7.80336,24.8259
1.64472,185.602,7.45846,36.4805
3.13223,33.8969,19.7089,38.0631
8.70381,176.747,11.9996,32.0862
1.53851,77.5726,16.4842,77.4346
2.77257,76.5139,2.7473,57.0161
-8.73282,54.2906,9.97117,32.0393
-6.914,173.577,1.64449,14.0295
-2.5782,148.3,14.5935,68.1165
3.53694,89.5745,15.4803,75.8547
1.96628,141.928,20.2169,35.699
8.73333,188.866,14.5216,40
8.73333,34.8236,15.1823,40
4.66959,48.9193,18.7819,45.998
-8.46989,128.186,10.2938,26.532
8.52746,161.723,10.0865,15.3655
5.26382,170.674,17.7343,37.9109
8.71288,79.6235,18.1449,57.259
4.80818,23.0988,4.18959,24.2751
-4.33333,16.0562,0.564811,27.1226
5.07268,72.0935,1.24993,46.1382
-0,165.781,3.14458,40
-4.37053,42.9219,3.77121,38.8514
-4.4051,158.208,13.7686,63.3101
8.73333,130.938,0.649335,18.3192
-4.41702,5.22929,10.3913,31.8678
-4.33992,157.155,14.9257,67.9897
4.77598,184.513,2.52536,24.4827
8.73333,98.4626,5.19341,36.5754
4.40214,166.802,6.35977,26.7361
3.90997,26.2707,3.80064,29.2494
-4.33642,151.957,7.12153,27.1053
8.73333,185.147,17.6244,34.6701
-0,166.542,6.59194,40
5.0121,51.8802,17.0638,51.9179
-4.33613,42.6044,12.161,48.217
8.73333,104.463,12.2032,48.5617
5.25182,79.4714,16.0742,69.3756
-4.33333,95.822,17.0197,61.8117
4.66667,198.781,19.8186,30.3251
-0.410024,120.896,3.03968,49.9604
-0,188.982,17.4697,59.652
-0,98.0884,4.16709,61.8918
4.1413,87.5893,0.637436,51.1177
-4.51834,154.531,2.80252,26.0701
-4.41054,148.813,2.94218,26.6885
0,88.5808,2.82284,68.3333
8.73333,10.6,20.5757,13.6585
4.7438,17.5644,6.01106,24.6867
8.66645,159.597,20.7389,13.5343
-4.33989,131.116,14.0393,70.069
8.70417,6.46711,19.1957,27.7792
8.72047,111.413,8.07561,31.4878
4.6673,143.96,5.19644,25.1665
-0,22.0816,4.121,40
0,43.3295,12.0043,61.0389
8.64098,162.204,5.61256,13.2523
-4.38527,27.7324,6.72812,26.8314
-4.84464,176.38,0.34207,24.0315
5.53729,184.711,12.9247,38.8216
4.8212,2.55111,21.1763,24.1884
4.0757,75.4319,18.6966,58.6996
4.71736,33.5623,0.174687,24.8536
4.36606,108.045,13.9486,58.71
-0,20.3325,7.9044,40
8.73333,7.85355,2.50931,13.2227
3.53067,186.646,11.898,44.3485
8.73333,194.318,9.16127,13.4635
6.47721,72.1856,11.3762,51.5001
8.58028,128.841,19.4947,32.5222
4.66667,13.5895,3.28671,25.1705
4.70472,41.5824,9.56288,36.0566
8.73333,7.92077,1.29885,13.2227
4.0347,93.8719,8.38266,49.4561
-4.8258,30.0193,15.8921,47.5541
8.73333,198.261,2.09262,13.2227
4.69659,85.4125,14.6782,71.8249
4.72054,191.074,6.52081,24.8336
8.73333,144.849,13.1684,37.1035
-5.28937,116.178,3.34074,33.4515
4.74082,108.052,9.6003,38.9861
3.66432,141.088,0.279011,30.3206
4.81497,1.00578,5.0385,24.2298
-4.33402,156.503,5.80095,27.1188
-4.33333,185.372,11.2505,40.056
4.7248,1.65913,4.73187,24.8068
-4.35038,164.926,7.61442,27.0273
7.9205,153.467,16.452,38.409
-0,199.427,9.09963,40
8.47402,45.5306,1.22656,27.0804
4.74463,183.908,8.58062,24.6815
0.206518,128.4,10.4386,48.3869
0,21.064,18.1571,57.3135
8.73333,53.6322,6.68016,32.0511
-5.10379,152.769,18.0794,46.9352
8.73333,161.102,12.445,34.2151
-4.37995,20.8506,1.1964,26.8614
-0,93.9518,5.72031,64.7736
-5.5988,43.8124,12.9603,47.5498
4.71307,184.542,10.5541,32.3895
-5.05,64.0645,4.37031,42.4146
0,171.509,5.25828,40
7.68578,51.9693,17.1643,50.7616
4.69149,175.613,13.5808,46.4032
4.22073,37.6535,3.17083,33.0847
4.82585,151.839,15.7549,47.5538
4.69003,6.33786,8.83314,25.0249
-4.76383,128.468,10.1725,35.3595
8.73333,113.374,15.5602,54.5205
8.73333,75.2819,8.82663,40
4.89471,42.5097,0.316479,34.8751
8.64854,158.431,1.64209,13.2499
2.38547,29.0887,13.0035,53.4524
4.67687,97.8285,9.81203,44.1963
4.66667,2.56915,20.3857,25.1705
4.22146,37.3224,2.08765,32.4857
-3.29714,97.0461,8.25921,50.8531
-4.40392,167.645,12.012,45.7811
3.54607,28.2114,2.45692,30.7973
-4.38421,146.443,19.8982,29.6944
8.73333,138.213,13.9321,39.7624
8.73333,6.89852,19.9191,16.2882
-4.54012,97.7715,13.8722,69.8763
-0,194.278,0.313022,40
0,22.4903,6.96251,40
8.46599,148.643,2.46116,13.3102
8.73333,127.708,13.8482,45.9436
-8.70569,118.837,1.33561,27.9527
8.73333,99.7245,14.8279,60.8255
-4.33484,113.571,10.5037,41.6388
5.15713,85.3008,6.72201,45.6319
8.65933,15.2479,11.3593,28.2196
-0,58.1173,15.5546,81.0105
8.73333,112.267,17.8994,47.8412
8.73333,126.667,6.94778,22.5539
4.68789,186.155,6.84865,25.0383
-4.33367,195.554,7.58949,27.1207
-4.38164,18.7193,14.6587,49.9168
0,132.347,18.9436,54.5528
-4.3922,120.555,16.7591,60.9115
-8.68254,94.7636,19.2684,59.6728
4.67598,71.2513,19.1672,56.0641
8.73333,95.1157,3.80139,37.9019
4.71777,134.204,18.7049,37.715
4.74995,191.929,21.1109,24.6478
8.73333,17.8169,16.9446,36.808
8.73333,159.548,19.2503,27.2676
4.92712,118.155,1.4831,35.5821
8.6429,182.439,14.2294,40
8.49869,20.2259,7.13012,13.2983
4.66836,58.6589,14.0876,60.0184
-0,10.3176,19.3545,49.891
0,100.826,8.22003,60.3452
1.91232,153.675,16.8682,55.6945
2.73949,56.5971,3.69791,48.5179
-0,45.072,11.4339,58.9931
4.74739,66.2579,13.804,65.0512
-0,90.6503,15.7061,86.6795
8.65234,147.477,6.74071,13.2487
-0,101.977,5.80112,59.7518
2.49196,76.5028,20.1521,67.5372
4.66667,181.097,13.5308,46.3143
4.66667,193.052,2.04985,25.1705
-4.34729,125.653,13.8093,69.1965
7.38101,26.4062,4.22462,13.779
8.73333,123.66,17.0932,45.3114
-0,76.604,19.019,84.7289
8.73333,198.239,7.3388,13.2227
-0,57.3655,2.97911,58.0508
8.73333,141.238,16.8403,37.1479
4.67178,107.041,7.0095,39.7515
-0,38.6422,5.55235,44.8142
-4.3753,137.887,4.40164,26.8875
0,10.091,1.51822,40
2.96236,36.8868,12.142,48.8952
7.95146,9.13166,8.88386,13.511
6.10834,177.008,16.5025,38.022
5.66567,167.959,10.718,26.1711
-4.33333,23.631,8.46529,27.1226
8.71905,82.083,1.35099,40
8.73333,24.0457,4.70121,13.2227
8.54358,114.419,11.9652,45.379
-4.33333,189.878,9.03418,27.1226
4.84408,51.277,19.8212,40.0352
3.63934,197.973,1.23837,30.4242
6.05831,69.9616,9.7572,39.9764
-4.38048,41.7045,11.8319,46.0227
-3.22879,133.165,2.94933,34.3126
4.849,194.669,11.9008,38.7021
4.66667,124.54,18.8621,43.2675
4.68487,12.7076,4.35638,25.0572
-5.31724,74.7019,3.4234,44.6469
-6.4644,33.2503,1.35031,14.2945
8.73333,46.2556,14.5436,51.6594
8.49974,10.4417,0.409258,13.298
8.73333,180.351,6.40426,13.2227
0,158.658,21.4241,40
-4.3494,74.6029,16.8221,72.9548
0,166.411,5.36105,40
4.66667,150.767,15.0066,48.4251
-4.35609,124.373,3.0328,38.9036
8.73333,78.8186,13.8559,67.1161
0,71.8556,18.8543,85.2267
0,17.7705,19.7956,43.879
4.66667,68.3354,7.66411,47.2981
8.55949,109.734,10.6988,37.3798
-0.846382,92.1095,14.9494,84.6966
-4.34768,129.09,15.4907,71.1224
4.67128,102.704,10.1394,42.4885
-5.01904,162.885,8.01399,22.8406
4.66667,19.4366,6.16584,25.1705
8.73333,92.7427,1.6765,38.8668
0.454611,117.963,9.78175,51.3855
-4.33333,37.4344,3.64554,32.2213
4.805,122.266,8.77248,35.9659
-8.65448,10.3884,20.2529,13.9331
4.66698,115.145,11.2494,43.6929
2.31487,168.469,20.1111,34.7892
8.71659,99.9452,2.02255,36.0038
8.51045,87.805,21.8468,40
4.19114,29.8114,2.12154,27.8737
8.72743,5.65589,6.88924,13.2246
-5.25787,151.334,17.2783,52.1635
-0,159.221,13.2528,62.8929
8.68939,58.7111,10.25,36.1959
8.73333,23.0413,6.55889,13.2227
6.92769,75.0183,2.9298,40
-0,165.779,6.4902,40
4.67958,168.355,3.6658,25.0901
8.73333,133.048,6.97629,15.7864
-4.62762,192.028,2.41647,25.413
4.88618,188.624,18.3059,37.7981
0.224195,22.5399,21.375,39.5351
8.73333,129.657,4.80197,19.6998
-0,96.1608,15.5337,84.1663
8.6577,13.3041,0.858301,13.247
8.73333,179.554,13.5585,38.4859
3.86765,99.446,14.726,64.9175
4.66667,154.261,0.818434,25.1705
8.73333,12.0724,0.07336,13.2227
4.66667,52.4915,3.13422,37.7488
4.44758,130.214,18.9729,41.1883
4.67913,26.7208,6.07282,25.0929
-0,127.709,11.6972,57.242
6.63566,76.9886,11.4889,52.2521
4.74154,153.14,12.4876,41.4818
4.66667,130.583,7.32672,32.0329
5.72315,76.2978,9.09516,41.9848
8.73333,60.0037,9.11566,34.9685
-0.138135,68.0279,21.6463,81.4197
8.73333,183.785,1.27026,13.2227
5.47038,91.2534,8.72394,43.0278
8.73333,88.4994,17.4091,59.769
0,90.8372,13.0721,81.6051
2.65606,189.056,6.81039,33.8244
3.6135,43.8238,19.8397,48.3425
0.16672,176.481,2.04879,39.6565
-4.40121,3.97508,7.0186,26.7414
6.75781,68.353,19.5132,47.0688
4.20255,153.205,14.4635,50.8243
4.62646,68.5607,15.0594,69.8088
4.76073,123.761,10.4269,38.4674
-4.33333,90.6042,3.10737,49.8223
3.67547,2.03252,20.9203,30.2741
4.67481,119.816,19.4178,43.1471
-4.39605,120.314,9.62365,38.8665
7.03521,129.883,18.3691,36.8228
8.73333,68.5441,7.15315,39.2482
0.167781,98.6599,8.08807,61.0249
8.46588,140.355,17.4865,35.0571
-4.35161,177.561,2.18479,27.0204
8.73333,11.0116,20.9392,13.3961
-4.40906,19.6724,0.032426,26.6969
4.66667,129.957,6.49871,32.8524
0,152.814,1.066,40
8.4294,197.592,9.74029,13.9269
4.04373,25.065,17.3766,45.3015
4.68426,72.8954,20.0975,52.9044
8.43583,135.246,11.7316,30.61
4.71209,75.1516,17.6897,59.9664
4.67681,172.692,12.3785,41.3621
8.68813,58.3954,16.5193,56.2522
-4.79258,26.695,0.203068,24.3768
8.73333,134.53,10.4893,21.2919
-4.35408,40.517,5.50725,37.0606
4.781,173.703,6.7742,24.4507
0.435149,150.231,21.2729,39.1034
1.432,83.8759,4.5937,62.1201
4.12512,0.046213,11.4505,40.5796
4.68007,29.8927,4.96202,25.0871
8.73333,54.7669,12.4784,49.4531
-4.33333,174.485,21.9596,27.1226
-8.72251,120.25,2.90104,27.1557
8.73333,64.2377,21.0029,37.0371
4.7383,56.8586,2.72531,39.716
-8.50482,87.0632,4.09724,40
4.76877,180.752,14.2231,47.8705
-4.33333,185.021,2.81972,27.1226
-5.14168,101.058,1.78905,40.1342
-8.40042,125.516,14.503,68.2244
2.28947,143.853,0.602775,34.8573
-4.33609,4.78258,21.674,27.1072
2.46108,114.987,11.8653,56.1905
-4.73891,9.30689,8.22437,24.7177
8.73333,84.5063,15.5482,68.3086
0,93.5469,20.8431,79.7905
8.65827,4.5256,8.4101,13.2468
4.78064,13.0148,15.244,47.8055
-4.41119,184.791,13.2456,55.5552
-0,106.829,17.0557,71.8153
8.72855,73.3593,13.0204,61.444
7.23885,72.7892,8.27596,40
4.18129,30.2747,18.7143,40.216
5.25387,29.9217,4.96617,21.1094
8.73333,70.1604,17.5331,59.2795
-5.03279,67.1932,21.9314,63.719
2.01982,156.806,6.18884,35.5638
-4.33333,97.3478,15.6284,73.0088
-4.35802,92.9596,14.6221,72.9258
4.19134,26.2505,9.12638,27.8727
5.29532,177.278,10.9619,31.1818
8.73333,134.911,20.8807,13.5586
4.66667,167.032,20.97,25.1705
-4.83355,131.298,16.1243,67.4614
8.72718,196.783,8.46296,13.2247
8.73333,195.958,0.88182,13.2227
0.109567,50.0306,12.8245,68.4509
4.66667,124.914,12.4237,47.6691
8.73333,145.648,7.81402,13.2227
7.08245,99.6341,19.3644,45.3053
8.73333,169.966,13.7397,39.1047
4.70001,38.1836,13.7283,49.8008
4.66667,24.8288,6.50631,25.1705
-0,0.558084,1.64296,40
-4.82037,30.5906,6.46153,24.1939
4.89273,106.832,5.16428,38.7861
4.66667,102.127,7.60974,42.0829
4.72728,77.0432,18.6668,56.7767
-1.30818,62.1193,3.52802,56.546
-8.6638,0.711089,3.47302,13.245
4.69544,163.048,11.1905,36.4135
-0,127.684,13.2726,65.8669
6.39289,89.6679,3.55073,40
5.84673,48.8172,13.98,53.5968
0.368757,160.677,18.5667,54.8099
-4.73199,164.794,17.2099,51.4107
0,170.438,5.82046,40
4.10105,93.4504,6.92338,49.3785
2.36582,194.14,4.0303,34.6521
8.73333,168.249,9.84441,14.0227
8.71509,15.7096,7.18693,13.2286
0.922818,47.5198,6.15596,50.5202
8.73333,163.514,20.4988,13.72
8.73333,81.1657,8.79323,40
-0,93.2624,8.34731,65.3207
8.58496,190.307,13.0426,36.6409
8.62341,193.001,1.50715,13.258
4.66667,153.057,4.51523,25.1705
8.17843,114.907,15.9196,53.8251
4.66667,183.185,12.6532,42.5249
-4.33817,99.0865,4.40512,45.2028
4.67987,33.2025,18.5566,37.9107
4.72621,65.1995,9.32206,44.8958
4.66667,59.2872,11.9845,51.4318
4.81082,111.66,11.6153,46.3126
8.73333,13.4954,4.07237,13.2227
8.73333,13.7956,1.79717,13.2227
8.50552,33.3569,10.2101,17.0012
0,189.488,0.672205,40
4.66667,162.218,9.56965,25.1705
8.72828,142.091,12.273,33.4356
8.73333,194.049,14.0532,40
4.7907,199.685,0.752783,24.3888
-4.41446,197.491,15.6178,67.9972
4.74419,30.0173,3.72513,24.6843
-4.39634,191.696,13.0544,53.3835
3.50255,106.092,13.3774,59.0616
4.77965,14.8173,16.9919,43.4445
8.73333,62.3642,1.23802,36.157
8.73313,179.034,18.804,30.512
-0,166.954,8.45425,40
6.13562,0.469751,8.79162,14.5018
4.73443,128.042,7.15918,34.8375
8.73333,160.637,12.2186,33.1781
8.73333,49.0262,6.49924,29.4919
8.64415,12.8244,8.05464,13.2513
4.81033,52.6297,7.67906,37.1709
4.67175,20.5441,13.8649,47.7816
-4.63163,96.7438,14.6177,72.034
8.66425,83.7769,21.8261,40
8.73333,76.2578,20.7759,40
8.73333,177.353,7.70765,13.2227
4.66667,84.1115,4.24596,48.4251
2.14337,56.7696,20.2307,59.4225
0,9.63623,6.35123,40
8.73333,43.8332,12.1189,43.4422
1.72724,47.8352,20.2251,55.4767
-4.36572,5.8517,1.98107,26.9414
8.65887,140.462,5.66932,13.2466
5.42131,1.52711,9.39505,19.7815
8.73333,122.184,12.7099,45.4919
0.705696,81.6179,19.7895,78.3722
4.85202,49.7893,4.80096,36.0856
4.77156,130.492,21.2747,35.4002
0,64.0554,9.54759,61.8763
4.45956,20.7344,17.2661,43.8764
-1.1404,107.113,11.5551,58.062
7.15764,32.974,7.28809,13.8955
0.473299,176.688,9.49506,38.9759
8.50519,133.291,15.7938,41.7678
8.73333,169.548,20.1567,14.0217
4.8072,152.532,19.5806,34.6731
4.67116,161.403,2.96353,25.1426
5.72689,126.59,2.63808,26.6804
8.72276,142.085,19.656,21.8198
4.67017,137.733,14.3679,48.4063
-0,64.1896,0.886118,62.4134
-0.399725,106.33,11.1038,58.9756
4.67059,174.639,19.678,33.5583
6.94369,10.9079,8.48603,14.0128
8.73333,100.08,6.42514,35.9539
7.48612,86.5526,5.14881,40
-8.63365,180.856,4.42086,13.2547
4.88393,126.037,8.36673,34.5472
4.69141,196.607,13.0854,44.2275
4.17137,117.04,5.90449,40.2765
-4.33333,168.127,13.6937,61.9155
8.73333,93.7628,17.7005,56.6805
0.104177,109.044,2.28737,56.1959
-6.12878,35.8208,16.0433,41.2001
-0,126.892,14.269,71.4466
4.83221,192.592,10.4424,30.49
4.66667,106.803,20.5241,44.1209
4.67231,95.9228,2.12176,45.2157
4.7904,158.733,13.1804,44.1239
3.80345,18.5427,5.13842,29.7304
4.67257,176.16,0.711223,25.1338
1.20549,0.774707,12.7569,56.1507
8.73333,102.306,18.5284,50.1908
4.31005,135.693,12.2517,42.5626
-0,113.15,18.4774,63.7476
8.73333,95.6917,4.50895,37.672
-4.3807,64.1026,13.6676,62.9642
-8.72063,120.316,3.82846,27.1173
-4.8895,182.631,6.36988,23.7287
-4.35755,136.504,0.407065,26.9872
3.57272,189.347,15.4329,53.7378
-1.32624,19.8178,20.946,37.21
0,102.206,16.4782,77.3238
-0,22.0257,16.648,63.683
-4.77972,109.052,11.926,49.1165
-4.36754,137.757,6.20538,26.9312
-0,29.4834,5.38725,40
8.73333,155.512,6.299,13.2227
8.6218,79.8102,21.189,40
-0,179.66,5.0753,40
8.73333,61.4088,11.8211,48.5278
4.66667,12.2102,4.51018,25.1705
-0,43.8942,9.54891,49.8777
2.7548,16.5666,3.12866,33.5275
4.70656,190.079,8.26284,24.9214
-0,3.27413,17.4583,59.6961
-4.33333,22.9337,17.8819,41.9236
8.73333,2.48199,19.8834,17.1411
-4.37964,43.2455,11.8883,47.3622
-0,2.28551,17.993,57.8455
8.73333,128.49,15.5852,45.8974
4.79348,103.398,0.950595,40.8474
4.67288,49.1084,3.21081,37.1837
8.73218,38.7495,5.13338,19.6829
8.73333,18.1741,5.42742,13.2227
8.73094,73.6883,3.74622,40
-4.39802,1.55858,5.17125,26.7594
-4.41416,120.54,6.06014,38.7449
8.73333,95.7709,20.9353,37.6055
1.56001,61.6235,7.62676,55.3306
4.66667,148.889,6.54108,25.1705
3.40898,167.87,8.89738,31.3232
8.73333,52.4864,6.64922,31.4518
-0,102.848,16.6608,75.6725
-6.16972,89.3548,7.91437,40
4.67234,68.2422,2.74779,47.2038
-0,167.828,13.578,65.0772
8.73333,196.499,7.82143,13.2227
4.67975,125.293,7.98464,36.3658
5.76223,36.255,1.50674,20.4756
4.2105,24.6034,19.0776,40.036
1.444,115.994,10.0737,50.3942
1.82736,65.7072,1.70754,57.1684
4.5747,53.6373,19.9083,43.0305
-4.39453,110.048,6.19731,39.6737
-0,36.1034,13.5053,65.1234
5.72677,135.698,14.5609,41.959
4.71328,11.1377,4.40054,24.8792
8.51284,6.81144,21.1197,13.2937
8.5038,57.3037,14.6323,57.9283
4.74302,15.478,11.9086,39.2472
4.67212,180.114,19.1173,37.1281
4.81754,169.321,12.255,40.193
8.58958,79.1397,0.470759,40
6.07916,33.8431,10.619,21.7619
4.70605,86.0905,17.7757,59.6323
3.5041,83.2436,16.1922,73.8512
8.73333,145.753,12.5907,34.8451
8.66289,81.2947,0.197667,40
6.38854,190.361,15.8022,40
-4.33333,182.397,9.88739,27.1226
4.80746,190.283,14.5116,47.6573
-0,69.2002,16.5706,84.9398
4.39515,58.0488,17.7043,51.9623
-4.38614,177.34,0.641423,26.8265
-4.38529,42.0062,17.156,50.5194
8.73333,26.1753,12.4817,34.3761
-5.3309,104.103,1.67457,37.7022
8.73333,181.093,5.53568,13.2227
-4.33333,80.506,2.936,50.1619
4.79559,43.1523,12.4184,47.8157
-0,15.7479,11.9016,54.8526
-4.37554,186.612,1.51627,26.8862
-0,120.574,21.7455,56.9244
-4.38738,75.4984,5.5241,49.8875
0.84025,132.986,6.94041,40.3083
3.58916,158.438,6.61445,30.6288
-4.33333,66.6984,0.924859,47.889
-8.70053,138.532,11.6138,43.4913
-4.33615,40.7631,5.63249,37.4551
-4.33455,191.743,8.99162,27.1158
1.03459,142.366,20.8453,37.8357
8.63678,33.3813,20.2242,13.9591
1.27445,88.5554,2.66736,62.7314
4.66667,126.599,13.0228,49.2943
8.37851,185.993,7.91235,13.3419
-4.33751,105.866,15.8248,72.9948
8.73333,125.295,11.5181,39.6374
-4.33333,136.164,5.73855,27.1226
4.66667,184.64,10.8477,35.6063
-4.862,30.5668,18.8284,36.2699
-0,81.1442,15.9369,87
-4.33333,62.4952,4.38043,45.0723
8.49695,138.78,3.46029,13.299
8.73333,178.138,8.15046,13.2227
8.58468,98.1342,18.97,49.5856
8.73333,161.165,15.0648,40
-0,65.2878,13.9524,83.7017
-2.28856,109.976,3.10911,49.8761
-5.28557,77.7569,1.74465,44.8405
0.429906,179.366,19.2752,49.7201
4.66667,135.224,9.24943,25.1705
8.53817,165.679,10.7286,22.8769
-4.33333,22.0178,10.1272,28.9155
1.07068,55.8455,11.3449,57.3757
4.66667,153.527,5.98388,25.1705
0,43.2113,5.09476,49.3079
8.73333,6.81243,19.7898,19.2353
4.66667,87.3104,19.9913,53.0436
4.68802,187.373,13.2801,45.0951
8.63641,52.4178,8.0352,31.4154
4.74962,113.949,13.169,53.064
4.22126,71.9106,14.7067,73.3851
8.73333,5.36773,19.6804,21.3894
1.12764,100.084,1.92138,57.1052
-0,165.403,11.8582,54.5873
5.02215,51.7965,9.4259,35.8042
-0,9.177,13.5774,65.0726
-4.84542,49.2943,12.2953,49.4568
4.66667,132.146,4.96872,29.8477
8.73333,65.8819,2.29943,37.8891
3.98809,131.899,0.219508,33.2316
-4.33333,2.60082,1.30137,27.1226
-0,143.614,7.09835,40
-1.43291,78.2238,17.1485,82.9769
4.77413,6.70105,7.38053,24.4945
8.40014,81.2031,13.6305,65.385
4.76843,143.262,21.8435,24.5307
1.70775,184.267,14.2561,61.0625
4.74518,196.803,11.8751,39.1105
